0.0001,0.9999999962154399,0.8749999981151987,7.599043139414555e-13,1.2665176689334453e-13
0.00010232929922807536,0.9999999960363741,0.8749999980256652,8.142519109834069e-13,1.3570981363625394e-13
0.00010471285480508996,0.9999999958488688,0.8749999979319122,8.724863821764669e-13,1.4541568563386487e-13
0.00010715193052376059,0.9999999956525271,0.8749999978337406,9.34885710618516e-13,1.5581571490377672e-13
0.00010964781961431851,0.9999999954469319,0.8749999977309422,1.0017477601462668e-12,1.6695954709796685e-13
0.0001122018454301963,0.9999999952316475,0.8749999976232994,1.0733916971408265e-12,1.7890037849169606e-13
0.0001148153621496883,0.9999999950062176,0.8749999975105833,1.150159514013656e-12,1.9169520992171458e-13
0.0001174897554939529,0.9999999947701633,0.8749999973925553,1.232417661644165e-12,2.0540511888595452e-13
0.00012022644346174131,0.9999999945229844,0.8749999972689646,1.3205587985603615e-12,2.200955511036247e-13
0.0001230268770812381,0.999999994264156,0.8749999971395492,1.4150036652108702e-12,2.358366329274851e-13
0.00012589254117941674,0.9999999939931294,0.874999997004035,1.5162030922738329e-12,2.5270350609965637e-13
0.00012882495516931337,0.9999999937093301,0.874999996862134,1.6246401525875838e-12,2.707766864489392e-13
0.00013182567385564074,0.9999999934121558,0.8749999967135452,1.7408324669736391e-12,2.901424482419469e-13
0.00013489628825916533,0.9999999931009764,0.8749999965579539,1.865334674956637e-12,3.1089323602277584e-13
0.00013803842646028852,0.9999999927751314,0.8749999963950296,1.998741082172995e-12,3.3312810590719824e-13
0.0001412537544622754,0.9999999924339308,0.8749999962244271,2.1416884971029234e-12,3.5695319843792615e-13
0.0001445439770745928,0.9999999920766495,0.8749999960457844,2.2948592706641076e-12,3.824822452581974e-13
0.00014791083881682073,0.9999999917025302,0.8749999958587221,2.4589845531730675e-12,4.0983711202232914e-13
0.00015135612484362088,0.9999999913107795,0.8749999956628444,2.6348477842176833e-12,4.3914838013490684e-13
0.0001548816618912481,0.9999999909005668,0.8749999954577351,2.8232884320954144e-12,4.705559700955875e-13
0.00015848931924611142,0.9999999904710214,0.8749999952429589,3.025206000662812e-12,5.042098094251557e-13
0.00016218100973589298,0.9999999900212321,0.874999995018061,3.2415643227174563e-12,5.402705483612219e-13
0.00016595869074375615,0.9999999895502454,0.874999994782564,3.473396160401029e-12,5.789103267400673e-13
0.00016982436524617443,0.9999999890570621,0.8749999945359681,3.721808134576432e-12,6.203135957253869e-13
0.00017378008287493763,0.9999999885406368,0.8749999942777509,3.9879860067020665e-12,6.646779983066098e-13
0.00017782794100389227,0.9999999879998729,0.8749999940073638,4.273200338407408e-12,7.122153127699037e-13
0.00018197008586099826,0.9999999874336243,0.8749999937242343,4.5788125557765486e-12,7.631524636456999e-13
0.00018620871366628676,0.9999999868406899,0.874999993427761,4.906281447276513e-12,8.177326049585705e-13
0.00019054607179632481,0.9999999862198119,0.8749999931173154,5.257170126336172e-12,8.762162809505141e-13
0.00019498445997580456,0.9999999855696732,0.8749999927922387,5.6331534917980645e-12,9.38882669818507e-13
0.00019952623149688788,0.9999999848888954,0.874999992451842,6.036026221840205e-12,1.0060309164034589e-12
0.00020417379446695296,0.9999999841760344,0.8749999920954025,6.467711339509726e-12,1.0779815601923243e-12
0.00020892961308540387,0.999999983429578,0.8749999917221649,6.9302693907365345e-12,1.1550780654501175e-12
0.00021379620895022324,0.9999999826479434,0.8749999913313371,7.425908278616973e-12,1.2376884607861638e-12
0.00021877616239495518,0.999999981829472,0.8749999909220898,7.956993800886627e-12,1.326207095981182e-12
0.000223872113856834,0.9999999809724291,0.8749999904935558,8.52606094085632e-12,1.421056524461755e-12
0.00022908676527677723,0.9999999800749956,0.8749999900448252,9.135825965677428e-12,1.5226895204083147e-12
0.00023442288153199226,0.9999999791352691,0.8749999895749468,9.789199389654033e-12,1.6315912401256967e-12
0.000239883291901949,0.9999999781512562,0.8749999890829236,1.0489299864443269e-11,1.748281537993742e-12
0.0002454708915685031,0.9999999771208694,0.8749999885677123,1.1239469062406482e-11,1.8733174480535827e-12
0.00025118864315095795,0.9999999760419238,0.8749999880282195,1.2043287624107895e-11,2.0072958430756583e-12
0.0002570395782768865,0.9999999749121314,0.8749999874633015,1.2904592246033204e-11,2.1508562838030813e-12
0.00026302679918953814,0.9999999737290953,0.8749999868717597,1.3827493990034729e-11,2.3046840719714044e-12
0.00026915348039269167,0.9999999724903068,0.8749999862523391,1.481639790183694e-11,2.469513521679055e-12
0.0002754228703338166,0.999999971193139,0.8749999856037264,1.5876024032174124e-11,2.646131464724552e-12
0.0002818382931264455,0.9999999698348397,0.8749999849245454,1.701142996082112e-11,2.8353810066440045e-12
0.00028840315031266055,0.9999999684125298,0.8749999842133557,1.822803493093947e-11,3.0381655513786278e-12
0.0002951209226666387,0.9999999669231912,0.8749999834686487,1.9531645708839303e-11,3.255453113784929e-12
0.0003019951720402016,0.9999999653636664,0.8749999826888447,2.0928484292478385e-11,3.488280940573672e-12
0.0003090295432513592,0.9999999637306471,0.8749999818722893,2.242521760083362e-11,3.737760461736731e-12
0.00031622776601683794,0.9999999620206709,0.8749999810172514,2.402898928571683e-11,4.005082596097885e-12
0.0003235936569296281,0.99999996023011,0.8749999801219166,2.574745381772455e-11,4.291523436314832e-12
0.0003311311214825911,0.9999999583551694,0.874999979184386,2.7588813008843816e-11,4.598450340470372e-12
0.00033884415613920273,0.9999999563918702,0.8749999782026707,2.9561855145848024e-11,4.927328459332139e-12
0.0003467368504525317,0.9999999543360502,0.8749999771746889,3.1675996921055114e-11,5.2797277304398455e-12
0.0003548133892335753,0.9999999521833501,0.8749999760982596,3.394132836034548e-11,5.6573303724075165e-12
0.0003630780547701014,0.9999999499292032,0.8749999749711002,3.6368660962614954e-11,6.061938915215984e-12
0.0003715352290971728,0.9999999475688307,0.874999973790819,3.896957928013449e-11,6.495484804829638e-12
0.00038018939632056124,0.9999999450972262,0.874999972554913,4.1756496185676825e-11,6.960037623213304e-12
0.0003890451449942805,0.9999999425091493,0.8749999712607606,4.474271208982717e-11,7.457814967762558e-12
0.00039810717055349735,0.9999999397991111,0.8749999699056166,4.794247839070418e-11,7.991193037308688e-12
0.0004073802778041126,0.9999999369613644,0.8749999684866067,5.137106545847152e-11,8.562717975232664e-12
0.0004168693834703355,0.9999999339898925,0.874999967000721,5.504483547861153e-11,9.175118023836935e-12
0.00042657951880159257,0.9999999308783939,0.8749999654448076,5.898132050105711e-11,9.831316547995729e-12
0.0004365158322401661,0.9999999276202715,0.8749999638155668,6.319930606706763e-11,1.0534445990255682e-11
0.00044668359215096305,0.9999999242086157,0.8749999621095419,6.771892081227195e-11,1.1287862824003396e-11
0.0004570881896148752,0.9999999206361925,0.8749999603231141,7.256173247275453e-11,1.2095163576083039e-11
0.00046773514128719813,0.9999999168954272,0.8749999584524952,7.775085075151847e-11,1.2960201995350295e-11
0.00047863009232263854,0.9999999129783883,0.8749999564937165,8.331103753531621e-11,1.3887107449121643e-11
0.0004897788193684461,0.9999999088767701,0.8749999544426238,8.926882498679413e-11,1.488030463533731e-11
0.0005011872336272725,0.9999999045818766,0.8749999522948659,9.565264207437945e-11,1.594453470453981e-11
0.0005128613839913648,0.9999999000846005,0.8749999500458875,1.024929501424543e-10,1.708487789249714e-11
0.0005248074602497723,0.9999998953754073,0.8749999476909179,1.0982238816738219e-10,1.830677777151464e-11
0.0005370317963702527,0.9999998904443127,0.874999945224962,1.1767592839099347e-10,1.9616067236203693e-11
0.0005495408738576248,0.9999998852808631,0.8749999426427894,1.2609104307249991e-10,2.10189963477573e-11
0.0005623413251903491,0.9999998798741097,0.874999939938923,1.3510788315267077e-10,2.2522262169654773e-11
0.0005754399373371566,0.9999998742125921,0.8749999371076276,1.4476946968073281e-10,2.413304073722372e-11
0.0005888436553555889,0.999999868284307,0.8749999341428969,1.5512189891513517e-10,2.585902131367457e-11
0.0006025595860743581,0.9999998620766869,0.874999931038443,1.662145620743124e-10,2.7708443096138275e-11
0.0006165950018614823,0.999999855576572,0.8749999277876811,1.7810038078321743e-10,2.969013454693436e-11
0.000630957344480193,0.9999998487701843,0.8749999243837153,1.9083605933598636e-10,3.181355553782842e-11
0.0006456542290346556,0.9999998416430952,0.874999920819326,2.0448235497500885e-10,3.408884250846671e-11
0.0006606934480075965,0.9999998341801978,0.8749999170869524,2.191043674722915e-10,3.652685685456571e-11
0.0006760829753919819,0.9999998263656728,0.8749999131786772,2.3477183943931954e-10,3.913923677685342e-11
0.0006918309709189362,0.9999998181829574,0.8749999090862114,2.515595278379554e-10,4.193845283827985e-11
0.000707945784384138,0.9999998096147077,0.8749999048008735,2.6954750251016233e-10,4.493786749471676e-11
0.0007244359600749898,0.9999998006427643,0.8749999003135743,2.8882156553123367e-10,4.815179888333683e-11
0.0007413102413009177,0.9999997912481118,0.8749998956147956,3.094736507526475e-10,5.159558917319043e-11
0.0007585775750291835,0.9999997814108404,0.8749998906945705,3.316022618216345e-10,5.528567780427179e-11
0.0007762471166286919,0.9999997711101031,0.8749998855424627,3.5531294147306764e-10,5.92396799647138e-11
0.0007943282347242813,0.9999997603240708,0.8749998801475434,3.807187743249588e-10,6.347647068074564e-11
0.0008128305161640995,0.999999749029887,0.8749998744983705,4.079409255680555e-10,6.801627492085646e-11
0.0008317637711026709,0.9999997372036193,0.8749998685829603,4.3710921811047514e-10,7.288076414430587e-11
0.0008511380382023768,0.99999972482021,0.8749998623887659,4.683627509210534e-10,7.80931597549028e-11
0.0008709635899560805,0.9999997118534212,0.8749998559026487,5.018505615107377e-10,8.367834395392582e-11
0.0008912509381337459,0.9999996982757798,0.8749998491108509,5.377323357011218e-10,8.966297852139626e-11
0.0009120108393559096,0.999999684058519,0.8749998419989662,5.761791680538147e-10,9.607563209275218e-11
0.0009332543007969905,0.999999669171521,0.8749998345519092,6.173743765751458e-10,1.02946683882374e-10
0.0009549925860214359,0.9999996535832475,0.8749998267538841,6.615143755685618e-10,1.1030938380264442e-10
0.000977237220955811,0.9999996372606789,0.8749998185883502,7.088096107834845e-10,1.1819866184062774e-10
0.001,0.9999996201692403,0.8749998100379874,7.594855613055263e-10,1.2665217884428128e-10
0.0010232929922807535,0.9999996022727303,0.8749998010846597,8.13783812950259e-10,1.3571028917974355e-10
0.0010471285480508996,0.9999995835332448,0.8749997917093753,8.719632082627384e-10,1.4541623337453853e-10
0.001071519305237607,0.9999995639110957,0.8749997818922488,9.343010785893512e-10,1.5581634453901257e-10
0.0010964781961431851,0.9999995433647294,0.8749997716124568,1.000714304399736e-9,1.669602695514728e-10
0.001122018454301963,0.9999995218506349,0.8749997608481941,1.072260738686773e-9,1.789012060629806e-10
0.0011481536214968829,0.9999994993232572,0.8749997495766292,1.1489216406626842e-9,1.916961564532781e-10
0.0011748975549395304,0.9999994757348977,0.8749997377738538,1.2310625341282715e-9,2.054061999502629e-10
0.001202264434617413,0.999999451035614,0.8749997254148321,1.3190750590684572e-9,2.2009678421214225e-10
0.0012302687708123812,0.9999994251731145,0.8749997124733496,1.413378837092501e-9,2.358380377643228e-10
0.0012589254117941675,0.9999993980926494,0.8749996989219565,1.5144234700895142e-9,2.5270510478264993e-10
0.001288249551693135,0.9999993697368937,0.8749996847319084,1.6226906816105474e-9,2.7077850382131915e-10
0.0013182567385564075,0.9999993400458265,0.8749996698731062,1.7386966111672058e-9,2.901445121980945e-10
0.0013489628825916532,0.9999993089566055,0.8749996543140335,1.862994272363737e-9,3.1089557787197364e-10
0.0013803842646028853,0.9999992764034324,0.8749996380216872,1.9961761865582634e-9,3.331307607796946e-10
0.0014125375446227555,0.999999242317415,0.8749996209615098,2.138877204583057e-9,3.5695620573814137e-10
0.001445439770745928,0.9999992066264247,0.874999603097315,2.291777529947218e-9,3.8248564917042615e-10
0.0014791083881682072,0.9999991692549387,0.8749995843912105,2.455605957902141e-9,4.0984096207490325e-10
0.0015135612484362072,0.9999991301238843,0.8749995648035189,2.6311433457750566e-9,4.39152731829427e-10
0.0015488166189124811,0.9999990891504735,0.874999544292693,2.8192263310739964e-9,4.705608856086044e-10
0.001584893192461114,0.9999990462480238,0.8749995228152274,3.0207513150430826e-9,5.042153583904615e-10
0.0016218100973589297,0.9999990013257797,0.8749995003255654,3.2366787306065897e-9,5.402768087418765e-10
0.0016595869074375598,0.9999989542887194,0.874999476776005,3.468037614988678e-9,5.789173858002511e-10
0.0016982436524617442,0.9999989050373536,0.874999452116595,3.7159305087401543e-9,6.203215511133442e-10
0.0017378008287493763,0.9999988534675174,0.8749994262950305,3.981538704450542e-9,6.646869592611587e-10
0.0017782794100389228,0.9999987994701495,0.8749993992565416,4.2661278700803025e-9,7.122254014644432e-10
0.0018197008586099826,0.9999987429310615,0.874999370943777,4.571054073622219e-9,7.631638166851535e-10
0.0018620871366628676,0.9999986837306993,0.8749993412966832,4.897770237700841e-9,8.177453750464679e-10
0.0019054607179632482,0.9999986217438883,0.8749993102523757,5.247833054753829e-9,8.762306387453323e-10
0.0019498445997580456,0.9999985568395701,0.8749992777450067,5.62291039561823e-9,9.388988060005607e-10
0.001995262314968879,0.9999984888805264,0.874999243705626,6.0247892466784794e-9,1.006049043976015e-9
0.0020417379446695297,0.99999841772309,0.8749992080620327,6.455384213232346e-9,1.0780019170433009e-9
0.0020892961308540407,0.9999983432168397,0.8749991707386241,6.916746629408179e-9,1.1551009172037288e-9
0.0021379620895022326,0.9999982652042846,0.8749991316562342,7.411074317833913e-9,1.2377141039771641e-9
0.002187761623949552,0.999998183520529,0.8749990907319666,7.940722045328909e-9,1.3262358615881702e-9
0.00223872113856834,0.9999980979929289,0.8749990478790175,8.508212724178836e-9,1.4210887818400484e-9
0.0022908676527677745,0.9999980084407224,0.8749990030064934,9.116249412076382e-9,1.5227256816676447e-9
0.0023442288153199225,0.9999979146746508,0.8749989560192158,9.767728167584509e-9,1.6316317650031e-9
0.00239883291901949,0.9999978164965594,0.8749989068175223,1.046575182201991e-8,1.7483269392779202e-9
0.002454708915685031,0.9999977136989762,0.8749988552970529,1.1213644732983969e-8,1.873368297623344e-9
0.002511886431509582,0.9999976060646769,0.874998801348529,1.2014968589405782e-8,2.0073527786224776e-9
0.0025703957827688645,0.9999974933662236,0.8749987448575235,1.2873539342929243e-8,2.1509200163157826e-9
0.0026302679918953813,0.9999973753654863,0.874998685704216,1.3793445345796915e-8,2.3047553940702354e-9
0.002691534803926914,0.9999972518131374,0.8749986237631384,1.4779066781082713e-8,2.4695933168963227e-9
0.002754228703338166,0.9999971224481278,0.8749985589029119,1.5835180703012343e-8,2.6462207178406598e-9
0.002818382931264455,0.999996986997133,0.8749984909859643,1.6966667368301793e-8,2.8354808152001407e-9
0.0028840315031266055,0.999996845173978,0.8749984198682417,1.8178976780665493e-8,3.0382771385018908e-9
0.0029512092266663842,0.9999966966790297,0.8749983453989001,1.9477879640727676e-8,3.2555778424773215e-9
0.003019951720402016,0.9999965411985676,0.8749982674199885,2.0870459099669015e-8,3.488420329634446e-9
0.003090295432513592,0.999996378404118,0.874998185766111,2.236160710158901e-8,3.737916203507199e-9
0.0031622776601683794,0.9999962079517624,0.8749981002640781,2.3959249948721482e-8,4.005256576240502e-9
0.003235936569296281,0.9999960294814092,0.8749980107325382,2.5670989404629967e-8,4.291717755862849e-9
0.003311311214825911,0.9999958426160376,0.8749979169815933,2.750496956218174e-8,4.598667340412546e-9
0.0033884415613920273,0.9999956469608946,0.8749978188123976,2.9469915512594258e-8,4.927570748027959e-9
0.0034673685045253167,0.9999954421026697,0.8749977160167332,3.157517476928603e-8,5.279998214195671e-9
0.0035481338923357532,0.9999952276086185,0.8749976083765714,3.3830761642394976e-8,5.6576322895828815e-9
0.003630780547701014,0.9999950030256487,0.8749974956636074,3.6247404773691074e-8,6.06227587427281e-9
0.003715352290971728,0.99999476787937,0.8749973776387786,3.883659805645097e-8,6.49586082678575e-9
0.0038018939632056127,0.9999945216730881,0.8749972540517572,4.161065518074605e-8,6.9604571890158365e-9
0.003890451449942805,0.9999942638867622,0.8749971246404177,4.4582768061596985e-8,7.45828307115744e-9
0.003981071705534973,0.9999939939759066,0.8749969891302836,4.776563051174917e-8,7.991715243850123e-9
0.00407380277804113,0.9999937113704472,0.8749968472339423,5.117731292483383e-8,8.563300488151948e-9
0.004168693834703355,0.99999341547352,0.874996698650439,5.483253914657465e-8,9.175767757574172e-9
0.004265795188015926,0.9999931056602144,0.8749965430646364,5.8748709114744035e-8,9.832041210292484e-9
0.004365158322401661,0.9999927812762616,0.8749963801465459,6.294443959706741e-8,1.0535254173810613e-8
0.004466835921509635,0.9999924416366579,0.8749962095506305,6.743967442092434e-8,1.1288764108810974e-8
0.004570881896148752,0.9999920860242253,0.8749960309150699,7.225577896110854e-8,1.2096168643704935e-8
0.004677351412871981,0.999991713688107,0.8749958438609939,7.741564134471489e-8,1.2961322756515562e-8
0.00478630092322638,0.9999913238421908,0.8749956479916792,8.294378084966865e-8,1.3888357186212601e-8
0.004897788193684461,0.9999909156634613,0.8749954428917085,8.886646400712177e-8,1.4881698161500311e-8
0.005011872336272725,0.9999904882902734,0.8749952281260891,9.521182895402135e-8,1.5946088541359692e-8
0.005128613839913648,0.9999900408205474,0.8749950032393312,1.0200997982229374e-7,1.7086610468400472e-8
0.005248074602497723,0.9999895723098807,0.8749947677544817,1.0929331940969376e-7,1.8308709643314944e-8
0.005370317963702527,0.9999890817695715,0.8749945211721141,1.1709636544682951e-7,1.9618221336481147e-8
0.005495408738576248,0.999988568164549,0.8749942629692683,1.2545617180891892e-7,2.102139826107513e-8
0.005623413251903491,0.9999880304112138,0.874993992598342,1.3441243144637734e-7,2.2524940440959194e-8
0.005754399373371567,0.9999874673751694,0.8749937094859309,1.4400766408722478e-7,2.4136027216158454e-8
0.00588843655355589,0.9999868778688583,0.8749934130316128,1.5428741726286724e-7,2.5862351538968262e-8
0.0060255958607435805,0.9999862606490796,0.874993102606674,1.6530048160007094e-7,2.7712156724698252e-8
0.006165950018614822,0.9999856144144028,0.8749927775527773,1.7709912138841906e-7,2.969427583280955e-8
0.00630957344480193,0.9999849378024471,0.8749924371805662,1.897393215036821e-7,3.1818173866791407e-8
0.006456542290346556,0.9999842293870513,0.8749920807682046,2.032810518436831e-7,3.4093992994620026e-8
0.006606934480075964,0.9999834876753011,0.8749917075598442,2.1778855051474325e-7,3.653260100610403e-8
0.006760829753919818,0.9999827111044243,0.8749913167640262,2.3333062709402956e-7,3.9145643238921783e-8
0.006918309709189363,0.9999818980385408,0.8749909075520007,2.500020319553097e-7,4.194559822176634e-8
0.00707945784384138,0.9999810467652644,0.8749904790559714,2.6784032848579687e-7,4.494583730081642e-8
0.007244359600749906,0.9999801554921467,0.8749900303672572,2.86927974728507e-7,4.81606885348336e-8
0.007413102413009177,0.9999792223429551,0.8749895605343646,3.073997493907082e-7,5.1605505164633886e-8
0.007585775750291836,0.9999782453537814,0.8749890685609734,3.2933092880689336e-7,5.529673898459901e-8
0.00776247116628692,0.999977222468971,0.8749885534038236,3.5282543608723235e-7,5.925201896738006e-8
0.00794328234724282,0.9999761515368641,0.8749880139705067,3.779945834569578e-7,6.349023551812295e-8
0.008128305161640995,0.9999750303053362,0.8749874491171484,4.04957733862244e-7,6.803163076152768e-8
0.008317637711026709,0.9999738564171397,0.8749868576459876,4.3384235572102927e-7,7.289789529397013e-8
0.008511380382023759,0.9999726274050276,0.8749862383028361,4.647849440183563e-7,7.811227186391027e-8
0.008709635899560805,0.9999713406866488,0.874985589774424,4.97932736669533e-7,8.369966647703529e-8
0.008912509381337459,0.9999699935592156,0.8749849106856158,5.334422725624013e-7,8.968676745818733e-8
0.009120108393559097,0.9999685831939173,0.8749841995964976,5.714816015690741e-7,9.610217304029548e-8
0.009332543007969905,0.9999671066300813,0.8749834549993265,6.122307098877742e-7,1.0297652809143574e-7
0.009549925860214359,0.9999655607690642,0.8749826753153388,6.558823658238746e-7,1.1034267063498533e-7
0.009772372209558112,0.9999639423678585,0.8749818588914038,7.02643025305913e-7,1.1823578886483952e-7
0.01,0.9999622480324067,0.8749810039965232,7.527338013368046e-7,1.2669358940803374e-7
0.010232929922807547,0.999960474210608,0.8749801088181663,8.063915018740333e-7,1.3575647764110915e-7
0.010471285480508996,0.9999586171850001,0.8749791714584304,8.638697409464489e-7,1.4546775092443628e-7
0.01071519305237607,0.9999566730651028,0.8749781899300216,9.254401281510458e-7,1.5587380568077027e-7
0.01096478196143185,0.9999546377794133,0.8749771621520485,9.913935420318012e-7,1.6702435931079532e-7
0.01122018454301963,0.9999525070670268,0.8749760859456153,1.062041493226493e-6,1.789726880097389e-7
0.01148153621496883,0.9999502764688729,0.8749749590292086,1.1377175836774604e-6,1.917758816255347e-7
0.011748975549395291,0.9999479413185505,0.8749737790138687,1.2187790686408513e-6,2.0549511678096247e-7
0.012022644346174132,0.9999454967327336,0.8749725433981325,1.3056085286976621e-6,2.2019594957002138e-7
0.012302687708123811,0.9999429376011431,0.874971249562737,1.3986156594708105e-6,2.3594862923293273e-7
0.012589254117941675,0.9999402585760498,0.8749698947650804,1.4982433789365856e-6,2.528284343151478e-7
0.012882495516931335,0.9999374540612984,0.8749684761334123,1.6049534505295102e-6,2.7091603292390923e-7
0.013182567385564075,0.9999345182008215,0.8749669906607624,1.7192527379469544e-6,2.9029786881199103e-7
0.013489628825916533,0.999931444866631,0.8749654351985751,1.8416748604805914e-6,3.110665751425779e-7
0.013803842646028852,0.9999282276462524,0.8749638064500505,1.9728067339353282e-6,3.333214179226693e-7
0.01412537544622754,0.9999248598295827,0.874962100963168,2.113261124553518e-6,3.5716877123532153e-7
0.01445439770745928,0.9999213343951499,0.8749603151233888,2.2636994153404053e-6,3.8272262655442115e-7
0.014791083881682071,0.9999176439957308,0.8749584451460075,2.4248297790329985e-6,4.1010513858999694e-7
0.015135612484362087,0.9999137809433237,0.8749564870681521,2.5974104756362957e-6,4.394472102884025e-7
0.01548816618912481,0.9999097371934231,0.874954436740403,2.782253381145257e-6,4.708891198006253e-7
0.01584893192461114,0.9999055043285797,0.8749522898180224,2.9802277635461485e-6,5.045811924346915e-7
0.0162181009735893,0.9999010735412103,0.8749500417517699,3.1922643232999193e-6,5.406845208253577e-7
0.016595869074375613,0.9998964356156236,0.8749476877782875,3.4193595166957926e-6,5.79371736787375e-7
0.016982436524617443,0.9998915809092269,0.8749452229100347,3.66258018172797e-6,6.208278385683663e-7
0.017378008287493762,0.9998864993328821,0.8749426419247508,3.923068487500203e-6,6.652510774853948e-7
0.01778279410038923,0.9998811803303687,0.8749399393544213,4.202047229604926e-6,7.128539082165113e-7
0.018197008586099843,0.9998756128569194,0.874937109473731,4.500825495464464e-6,7.638640073267805e-7
0.018620871366628676,0.9998697853567837,0.8749341462879733,4.820804725265332e-6,8.18525364938593e-7
0.019054607179632484,0.9998636857397845,0.8749310435203917,5.163485195872264e-6,8.770994548105095e-7
0.019498445997580455,0.9998573013568147,0.8749277945989316,5.530472956981109e-6,9.398664884687565e-7
0.01995262314968881,0.9998506189742425,0.8749243926423678,5.923487250769519e-6,1.0071267594431537e-6
0.020417379446695295,0.9998436247471589,0.874920830445788,6.344368448436861e-6,1.0792020840961214e-6
0.020892961308540386,0.9998363041914418,0.8749171004653897,6.795086539301972e-6,1.156437402279944e-6
0.021379620895022326,0.9998286421545651,0.8749131948025711,7.277750210555093e-6,1.2392022116415616e-6
0.02187761623949552,0.9998206227851139,0.8749091051872748,7.794616558351849e-6,1.3278926679017381e-6
0.0223872113856834,0.9998122295009424,0.8749048229605544,8.348101473701067e-6,1.422933273252168e-6
0.022908676527677724,0.999803444955923,0.8749003390563238,8.940790749545081e-6,1.5247789676500788e-6
0.023442288153199226,0.9997942510052223,0.874895643982256,9.575451958576367e-6,1.633917314239747e-6
0.023988329190194897,0.9997846286690442,0.874890727799787,0.000010255047154685295,1.7508708419985797e-6
0.02454708915685031,0.9997745580947723,0.8748855801031875,0.000010982746454509548,1.8761995569496256e-6
0.025118864315095794,0.9997640185174487,0.8748801899976564,0.000011761942559365047,2.010503634103026e-6
0.025703957827688646,0.9997529882185129,0.8748745460763909,0.000012596345373833856,2.1544263031698186e-6
0.026302679918953815,0.9997414501568318,0.8748686363965897,0.000013489603146155796,2.3086569420357705e-6
0.026915348039269166,0.9997293683660634,0.8748624484543349,0.000014446111134282871,2.4739343929966422e-6
0.02754228703338166,0.9997167244928832,0.8748559691583031,0.000015470239658176767,2.6510505178429527e-6
0.02818382931264455,0.9997034925639178,0.8748491848022507,0.000016566749839410084,2.8408540090490306e-6
0.028840315031266057,0.9996896454177759,0.8748420810362206,0.000017740736186516353,3.0442544755718577e-6
0.02951209226666387,0.9996751546515625,0.8748346428364044,0.000018997649500023617,3.262226823108164e-6
0.03019951720402016,0.999659990565052,0.8748268544736069,0.00002034332296142946,3.4958159500979874e-6
0.03090295432513592,0.9996441221024182,0.8748186994802373,0.000021783996181440765,3.7461417823089817e-6
0.03162277660168379,0.999627516791421,0.8748101606157743,0.000023326345391285132,4.0144046704932885e-6
0.03235936569296284,0.9996101406799536,0.8748012198306189,0.000024977513111074247,4.301891177389007e-6
0.03311311214825911,0.9995919582698196,0.8747918582282735,0.00002674514044164977,4.609980282246837e-6
0.03388441561392028,0.9995729324476487,0.8747820560257652,0.000028637401566579834,4.940150033112424e-6
0.034673685045253165,0.9995530244128161,0.8747717925122307,0.00003066304061311138,5.2939846792931095e-6
0.035481338923357565,0.9995321936022497,0.8747610460055862,0.000032831411030673505,5.67318231879845e-6
0.03630780547701014,0.9995103976119946,0.8747497938071851,0.000035152516946066836,6.07956309807579e-6
0.03715352290971724,0.9994875921154027,0.8747380121543826,0.000037637060961075135,6.515078004081421e-6
0.038018939632056124,0.9994637307778095,0.874725676170901,0.00004029648782344898,6.981818291644303e-6
0.03890451449942805,0.9994387651675539,0.8747127598149042,0.000043143038554849455,7.482025592211353e-6
0.039810717055349734,0.9994126446631952,0.874699235824673,0.000046189804471937234,8.018102753424208e-6
0.04073802778041126,0.9993853163567704,0.8746850756617736,0.00004945078563176238,8.592625462584233e-6
0.04168693834703355,0.999356724952932,0.8746702494516049,0.00005294095323583789,9.208354710935524e-6
0.04265795188015926,0.9993268126638069,0.87465472592121,0.00005667631625547513,9.868250159850714e-6
0.04365158322401661,0.9992955190993993,0.8746384723342204,0.000060673992557858996,0.000010575484474466676
0.0446683592150963,0.9992627811533616,0.874621454422814,0.00006495228483025786,0.000011333458695104145
0.04570881896148752,0.9992285328839614,0.8746036363165447,0.00006953076161879464,0.000012145818721946585
0.046773514128719815,0.9991927053900319,0.8745849804679062,0.00007443034381837205,0.000013016472993968301
0.04786300923226385,0.9991552266817432,0.8745654475744854,0.00007967339697175822,0.000013949611449025489
0.04897788193684462,0.9991160215459638,0.8745449964975499,0.00008528382971199119,0.000014949725858376635
0.05011872336272725,0.9990750114060231,0.8745235841769129,0.00009128719901040972,0.000016021631635723015
0.05128613839913648,0.9990321141756533,0.8745011655419087,0.00009771082207838585,0.00001717049122817862
0.052480746024977286,0.9989872441068938,0.874477693418308,0.00010458389606209674,0.000018401839204439253
0.05370317963702527,0.9989403116317234,0.8744531184309913,0.00011193762558447047,0.00001972162302675441
0.05495408738576248,0.9988912231971983,0.8744273889021941,0.00011980535878710159,0.000021136175797511513
0.05623413251903491,0.9988398810938405,0.8744004507451285,0.00012822273240399164,0.000022652332133030134
0.05754399373371572,0.9987861832770393,0.8743722473527819,0.0001372278264490361,0.00002427740444314653
0.0588843655355589,0.9987300231812026,0.8743427194816735,0.0001468613291349669,0.000026019232824927004
0.06025595860743581,0.9986712895264049,0.8743118051303588,0.00015716671267933913,0.00002788622327298175
0.06165950018614822,0.9986098661172457,0.8742794394124438,0.00016819042617105033,0.00002988738866773324
0.06309573444801936,0.9985456316336591,0.8742455544238797,0.00017998206788972273,0.00003203239274440406
0.06456542290346556,0.9984784594133758,0.8742100791042853,0.00019259465289685437,0.00003433159726031967
0.06606934480075957,0.9984082172257516,0.8741729390920406,0.00020608478500072373,0.000036796112594043645
0.06760829753919818,0.9983347670366628,0.8741340565728881,0.00022051292570166898,0.00003943785202693848
0.06918309709189363,0.9982579647641548,0.8740933501217589,0.00023594364601269265,0.000042269589976070945
0.0707945784384138,0.9981776600245362,0.8740507345375415,0.0002524459004875138,0.000045305024467039974
0.07244359600749899,0.998093695868595,0.8740061206704878,0.000270093319022811,0.00004855884415638822
0.07413102413009177,0.9980059085076051,0.8739594152419515,0.0002889645175405133,0.00005204680023588416
0.07585775750291836,0.9979141270287877,0.8739105206561348,0.00030914342872027706,0.000055785783575213485
0.07762471166286919,0.9978181702625034,0.8738593348035056,0.00033071965401997125,0.00005979390748564419
0.07943282347242814,0.9977178580252638,0.8738057508555491,0.0003537888382930112,0.00006409059651511663
0.08128305161640995,0.9976129932179801,0.8737496570505193,0.0003784530683860701,0.00006869668171513186
0.08317637711026708,0.9975033733542703,0.8736909364696098,0.00040482129717896924,0.00007363450285186576
0.08511380382023767,0.9973887872303546,0.873629466803706,0.00043300979461073283,0.00007892803451091412
0.08709635899560805,0.9972690160860395,0.8735651201095829,0.00046314262732181433,0.0000846029376405182
0.08912509381337459,0.9971438268584875,0.873497762555699,0.0004953521686326953,0.0000906867850870702
0.09120108393559097,0.9970129818439162,0.8734272541569299,0.0005297796406732716,0.00009720913101867018
0.09332543007969915,0.9968762312947443,0.8733534484978512,0.0005665756905761199,0.00010420167263261496
0.09549925860214359,0.9967333148357673,0.8732761924441064,0.0006059010027495794,0.00011169840605945052
0.09772372209558111,0.9965839610398003,0.8731953258414058,0.0006479269493541379,0.00011973579363071397
0.1,0.9964278869883377,0.8731106812016686,0.000692836281217467,0.000128352943337064
0.10232929922807547,0.9962647978168369,0.8730220833758153,0.000740823861540191,0.00013759180136302797
0.10471285480508996,0.9960943862442444,0.8729293492127019,0.000792097444865635,0.0001474973586482319
0.10715193052376071,0.9959163320863824,0.8728322872036738,0.0008468785039129276,0.00015811787249308835
0.1096478196143185,0.9957303017528087,0.8727306971122022,0.0009054031070034458,0.00016950510429969014
0.11220184543019641,0.9955359477267856,0.8726243695880516,0.0009679228489461945,0.00018171457461648642
0.1148153621496883,0.9953329080279774,0.8725130857654138,0.0010347058366971037,0.00019480583673841482
0.11748975549395303,0.995120805657528,0.8723966168444323,0.0011060377434631776,0.00020884277020297845
0.12022644346174131,0.9948992480251578,0.8722747236555264,0.001182223152344606,0.00022389389561749932
0.1230268770812381,0.9946678263579526,0.8721471562058731,0.0012635855152199236,0.00024003272219148402
0.12589254117941676,0.9944261150905067,0.8720136532076559,0.001350470847469003,0.00025733807110953115
0.12882495516931336,0.9941736712361253,0.8718739415868997,0.0014432465973920178,0.0002758945211086287
0.13182567385564073,0.9939100337387864,0.8717277359729945,0.0015423042691639682,0.00029579278807242694
0.13489628825916533,0.9936347228056005,0.8715747381677091,0.0016480606570822831,0.0003171301807751103
0.13803842646028852,0.9933472392195178,0.871414636593262,0.0017609594117192712,0.0003400110799933899
0.1412537544622754,0.9930470636320738,0.8712471057187534,0.0018814726952798499,0.00036454745223388993
0.1445439770745928,0.9927336558359774,0.8710718054642907,0.0020101029332077547,0.0003908594005323663
0.1479108388168207,0.9924064540173962,0.8708883805821428,0.0021473846653775144,0.00041907575494810705
0.15135612484362088,0.9920648739878185,0.8706964600142435,0.0022938865022928,0.00044933470555418286
0.1548816618912481,0.9917083083954253,0.8704956562253855,0.0024502131914132708,0.0004817844809121322
0.15848931924611143,0.9913361259159343,0.8702855645114231,0.0026170077989520523,0.0005165840752189722
0.16218100973589297,0.990947670422947,0.8700657622818337,0.0027949540126596924,0.0005539040275252815
0.16595869074375613,0.9905422601378773,0.8698358083159728,0.002984778571281533,0.0005939272566462956
0.16982436524617442,0.9901191866078427,0.8695952419923889,0.003187253826631221,0.000636849955623595
0.17378008287493762,0.9896777144277293,0.8693435824905615,0.0034032004437154267,0.0006828825535747035
0.1778279410038923,0.9892170794091362,0.8690803279644639,0.003633490246593991,0.0007322507273905641
0.18197008586099844,0.9887364882601258,0.8688049546873527,0.003879049214128563,0.0007851965212606517
0.18620871366628675,0.9882351175865243,0.8685169161672406,0.004140860633753156,0.0008419795101030093
0.19054607179632482,0.9877121125071177,0.8682156422325178,0.004419968419087229,0.0009028780618370345
0.19498445997580455,0.9871665863257771,0.8679005380872415,0.0047174805981539305,0.000968190685051021
0.19952623149688808,0.9865976190719974,0.8675709833356581,0.005034572978914294,0.0010382374709659772
0.20417379446695297,0.9860042566008196,0.8672263309755627,0.005372492998877979,0.0011133616359371007
0.2089296130854041,0.9853855095590793,0.8668659063601746,0.0057325637655751115,0.0011939311710976112
0.21379620895022325,0.9847403523374421,0.866489006128264,0.006116188294664937,0.0012803406061268352
0.21877616239495518,0.9840677220094691,0.8660948971023512,0.006524853952414437,0.0013730128945158774
0.223872113856834,0.9833665172591058,0.8656828151548692,0.00696013710919583,0.0014724014281083915
0.22908676527677724,0.9826355972981372,0.8652519640422964,0.0074237080105238286,0.0015789921891107752
0.23442288153199228,0.981873780775337,0.8648015142073536,0.007917335871974712,0.0016933060481940326
0.239883291901949,0.9810798446792094,0.8643306015494879,0.008442894204093217,0.0018159012177469875
0.2454708915685031,0.9802525232364212,0.8638383261639972,0.009002366373096348,0.0019473758697864886
0.25118864315095796,0.9793905068082199,0.8633237510502799,0.009597851402814075,0.002088370928481386
0.25703957827688645,0.9784924407873641,0.8627859007898736,0.010231570022863956,0.0022395730477022735
0.26302679918953814,0.9775569244983043,0.8622237601950994,0.010905870967525225,0.0024017177844636193
0.26915348039269166,0.9765825101036117,0.8616362729293306,0.011623237529156557,0.0025755929795769896
0.2754228703338166,0.9755677015198998,0.8610223401001094,0.012386294369274279,0.0027620423572777483
0.2818382931264455,0.9745109533467533,0.8603808188265585,0.013197814589571297,0.0029619693560196734
0.28840315031266056,0.9734106698122031,0.859710520782786,0.014060727064194561,0.003176341203044952
0.2951209226666387,0.972265203738867,0.8590102107192381,0.014978124033505671,0.003406193245726361
0.3019951720402016,0.9710728555396543,0.8582786049642607,0.015953268958307617,0.0036526335530347987
0.30902954325135923,0.9698318722349321,0.8575143699084208,0.01698960463212417,0.003916847800802206
0.31622776601683794,0.9685404465116685,0.8567161204744972,0.01809076154754754,0.004200104454715788
0.32359365692962844,0.9671967158212549,0.8558824185763991,0.01926056651091856,0.004503760265185561
0.3311311214825911,0.9657987615237532,0.8550117715706648,0.020503051497648316,0.004829266088359418
0.33884415613920277,0.964344608084771,0.8541026307046151,0.02182246273832635,0.0051781730476068485
0.34673685045253166,0.9628322223315737,0.8531533895656791,0.023223270023360727,0.005552139049736449
0.3548133892335757,0.9612595127754696,0.8521623825368924,0.024710176211256638,0.005952935670039734
0.3630780547701014,0.9596243290079286,0.8511278832640818,0.02628812692273061,0.006382455419942141
0.3715352290971728,0.9579244611783455,0.850048103140787,0.027962320393500013,0.006842719410575285
0.38018939632056126,0.9561576395618199,0.8489211898175565,0.029738217504516815,0.007335885424935073
0.3890451449942805,0.9543215342257899,0.8477452257428693,0.03162155183166237,0.007864256410438359
0.3981071705534973,0.9524137548048504,0.8465182267435784,0.033618339898701714,0.008430289402604398
0.4073802778041126,0.9504318503935719,0.8452381406534627,0.035734891380418736,0.009036604889241025
0.41686938347033553,0.9483733095676392,0.8439028459992004,0.037977819343917876,0.009685996622874678
0.42657951880159256,0.9462355605441439,0.8425101507538316,0.040354050437877334,0.010381441887193208
0.4365158322401661,0.9440159714923689,0.8410577911685856,0.04287083498331576,0.011126112220936589
0.44668359215096304,0.941711851006935,0.8395434306947778,0.04553575690718752,0.011923384599927455
0.4570881896148752,0.9393204487556798,0.8379646590083554,0.048356743453627775,0.012776853074745314
0.4677351412871981,0.9368389563151751,0.8363189911505802,0.05134207460071308,0.013690340857861525
0.47863009232263853,0.9342645082072892,0.8346038667992846,0.05450039210320004,0.014667912849827415
0.48977881936844614,0.9315941831506984,0.8328166496860905,0.05784070807381566,0.015713888589285085
0.5011872336272725,0.9288250055417613,0.8309546271760249,0.06137241300732403,0.01683285560610733
0.5128613839913648,0.9259539471796302,0.8290150100269461,0.0651052831427434,0.01802968315080274
0.5248074602497729,0.9229779292509205,0.8269949323472956,0.06904948704977873,0.01930953626640114
0.5370317963702527,0.9198938245897189,0.824891451771735,0.07321559131572587,0.02067789016129181
0.5495408738576248,0.9166984602290577,0.8227015498753157,0.07761456519908129,0.02214054483287786
0.5623413251903491,0.9133886202603949,0.8204221328479422,0.0822577841035461,0.023703639882362453
0.5754399373371573,0.9099610490179106,0.8180500324519482,0.08715703172109646,0.025373669450454998
0.588843655355589,0.9064124546047161,0.8155820072867268,0.09232450067026159,0.027157497192205112
0.6025595860743581,0.9027395127782708,0.813014744385391,0.09777279145409976,0.029062371196506488
0.6165950018614822,0.8989388712124405,0.8103448611694968,0.10351490954822506,0.031095938741995618
0.6309573444801936,0.8950071541536834,0.8075689077888528,0.10956426041008771,0.03326626076607905
0.6456542290346556,0.8909409674888392,0.8046833698743878,0.11593464219644208,0.03558182590760689
0.6606934480075964,0.8867369042418629,0.8016846717329126,0.12264023595844599,0.03805156396626557
0.6760829753919819,0.8823915505166314,0.7985691800134213,0.12969559307250292,0.04068485860306047
0.6918309709189363,0.8779014919025956,0.7953332078752451,0.1371156196522053,0.04349155908632366
0.707945784384138,0.8732633203595854,0.7919730196889516,0.1449155576743776,0.04648199086651802
0.7244359600749899,0.8684736415974637,0.7884848363012968,0.15311096254029824,0.049666964740778224
0.7413102413009177,0.8635290829655404,0.78486484089579,0.16171767678182952,0.053057784344691036
0.7585775750291835,0.8584263018657453,0.781109185480502,0.17075179961160383,0.05666625168436793
0.776247116628692,0.8531619947024154,0.7772139980345771,0.18022965200716487,0.06050467039654892
0.7943282347242814,0.8477329063802548,0.7731753903445231,0.19016773700847897,0.06458584639843842
0.8128305161640995,0.8421358403604852,0.7689894665606541,0.20058269490774128,0.06892308556245413
0.8317637711026709,0.8363676692834694,0.7646523325030885,0.21149125299504126,0.07353018802428328
0.8511380382023768,0.8304253461640774,0.7601601057453607,0.22291016953065,0.0784214387059359
0.8709635899560805,0.8243059161638386,0.7555089265020124,0.2348561716084298,0.08361159360917263
0.8912509381337459,0.8180065289413847,0.7506949693443922,0.24734588657923903,0.089115861409235
0.9120108393559097,0.8115244515799018,0.74571445576636,0.2603957667086762,0.0949498798546466
0.9332543007969915,0.8048570820871929,0.7405636676185062,0.27402200675302707,0.10112968645659066
0.9549925860214359,0.7980019634605551,0.7352389614259771,0.288240454150928,0.10767168293155947
0.9772372209558111,0.79095679830492,0.7297367836008377,0.3030665115466843,0.11459259284437429
1.,0.7837194639886546,0.7240536865552373,0.31851503138474885,0.12190941188598435
1.0232929922807537,0.7762880283169777,0.7181863457162888,0.33460020234429644,0.1296393502125824
1.0471285480509007,0.768660765698213,0.7121315774376241,0.35133542741850193,0.13779976627036858
1.071519305237607,0.7608361737729501,0.7058863577959323,0.36873319348580064,0.14640809153478368
1.096478196143185,0.7528129904707062,0.6994478422534411,0.38680493227056106,0.1554817456052613
1.122018454301963,0.7445902114528689,0.6928133861592742,0.4055608726487981,0.16503804111755796
1.1481536214968842,0.7361671078944755,0.6859805660538131,0.4250098843215263,0.1750940779667747
1.1748975549395304,0.7275432445508726,0.678947201730736,0.4451593129544581,0.18566662637633805
1.2022644346174132,0.7187184980484205,0.6717113790011633,0.46601480696873887,0.19677199840278245
1.2302687708123812,0.7096930753312439,0.664271473093468,0.48758013626351887,0.2084259075342339
1.2589254117941662,0.7004675321885472,0.6566261726107256,0.5098570032581126,0.22064331612335553
1.288249551693135,0.6910427917793021,0.6487745039555806,0.5328448467593636,0.2334382704941374
1.3182567385564075,0.6814201630631724,0.6407158561195624,0.5565406392890486,0.24682372367742136
1.3489628825916533,0.6716013590384026,0.6324500057206006,0.5809386786468234,0.2608113458633137
1.3803842646028839,0.6615885146791931,0.6239771421588528,0.6060303746362106,0.27541132281032504
1.4125375446227555,0.6513842044567439,0.6152978927469648,0.6318040320444958,0.2906321426218327
1.4454397707459279,0.6409914593198952,0.6064133476567642,0.6582446311415165,0.3064803714904088
1.4791083881682072,0.6304137830030578,0.5973250845101772,0.6853336071468359,0.32296041921978297
1.513561248436207,0.619655167521149,0.5880351924281622,0.7130486303086747,0.3400742955621812
1.5488166189124828,0.6087201077034764,0.5785462953376702,0.7413633884394095,0.35782135865485226
1.584893192461114,0.5976136146112064,0.5688615743234813,0.7702473739635577,0.3761980571023116
1.6218100973589298,0.58634122767619,0.5589847887992401,0.7996656777443348,0.39519766752860547
1.6595869074375598,0.5749090253927879,0.5489202962605861,0.8295787921758522,0.4148100297141631
1.698243652461746,0.5633236343889093,0.5386730703729695,0.8599424262401719,0.43502128173188115
1.7378008287493762,0.5515922366980716,0.5282487171380356,0.8907073354473988,0.4558135978031496
1.7782794100389228,0.5397225750509155,0.5176534888754878,0.9218191697797832,0.47716493190255493
1.8197008586099825,0.5277229560025971,0.5068942957524953,0.953218342960398,0.49904877044488827
1.8620871366628695,0.5156022507118223,0.49597871459019555,0.9848399265480232,0.5214338976844876
1.9054607179632483,0.5033698931883449,0.4849149946770362,1.016613572521915,0.5442841777384019
1.9498445997580456,0.4910358758285585,0.4737120603218197,1.0484634681566654,0.5675583574047546
1.9952623149688788,0.4786107420636939,0.46237950988571314,1.0803083270924014,0.5912098941783417
2.041737944669532,0.46610557595211133,0.450927611042311,1.112061420573011,0.6151868140593413
2.089296130854041,0.45353198855659604,0.43936729202845864,1.1436306528479483,0.6394316038994305
2.1379620895022327,0.4409021009594437,0.4277101286660274,1.174918684704707,0.6638811431243469
2.1877616239495516,0.42822852378274856,0.4159683269564699,1.2058231090118148,0.6884666797040323
2.2387211385683425,0.415524333098676,0.4041547010757566,1.2362366819992652,0.7131138552026779
2.290867652767775,0.4028030426348686,0.3922826466273953,1.2660476137771575,0.7377427836225672
2.344228815319923,0.39007857220344105,0.38036610904555296,1.295139921287373,0.762268188549945
2.39883291901949,0.3773652123084783,0.36841954707877,1.3233938464905481,0.7865996028107662
2.4547089156850284,0.36467758491638363,0.35645789132763545,1.3506863421060498,0.8106416344431245
2.5118864315095824,0.352030600405966,0.3444964978556804,1.3768916266408702,0.8342943022860508
2.570395782768865,0.33943941075061973,0.332551096943271,1.401881809760878,0.8574534438678291
2.6302679918953813,0.3269193590231916,0.3206377371070161,1.425527588272575,0.8800111975490407
2.691534803926914,0.31448592535503744,0.3087727245631217,1.4476990120947577,0.9018565600362596
2.754228703338169,0.30215466952390746,0.2969725583709413,1.4682663186094551,0.9228760194342442
2.818382931264455,0.2899411703904817,0.2852538615523179,1.4871008326939124,0.9429542629521789
2.8840315031266055,0.2778609624500482,0.2736333085423362,1.5040759285575356,0.9619749572307316
2.951209226666384,0.26592946981359983,0.2621275493870998,1.5190680482491683,0.9798215980215499
3.019951720402019,0.25416193798079506,0.25075313116313636,1.5319577703743448,0.9963784246428349
3.090295432513592,0.24257336381528583,0.2395264171501941,1.5426309211856069,1.0115313932699312
3.1622776601683795,0.23117842417998838,0.22846350434335896,1.5509797188020582,1.025169201718057
3.235936569296281,0.21999140373530512,0.21758013994113093,1.5569039399007103,1.0371843569575516
3.3113112148259143,0.20902612244608174,0.20689163749114547,1.5603120968294903,1.0474742751958495
3.3884415613920273,0.19829586338245866,0.19641279341535703,1.5611226117507615,1.0559424029925006
3.4673685045253166,0.18781330143463684,0.18615780466873658,1.559264973168948,1.0624993465744121
3.5481338923357533,0.1775904335912726,0.17614018831080822,1.55468085906291,1.0670639953201997
3.6307805477010175,0.16763851145397385,0.1663727037850556,1.5473252098719144,1.0695646243189312
3.715352290971728,0.15796797667687504,0.15686727870791176,1.5371672338133646,1.0699399600141393
3.801893963205613,0.14858840002729268,0.1476349389651391,1.524191326481277,1.0681401922535145
3.890451449942805,0.1395084247624519,0.1386857438987266,1.5083978864265777,1.0641279156122798
3.9810717055349776,0.1307357150059837,0.13002872734140436,1.4898040084913104,1.0578789826764716
4.07380277804113,0.12227690978600568,0.12167184521793022,1.4684440370932417,1.0493832520912225
4.168693834703355,0.11413758336502716,0.11362193038389658,1.4443699624647408,1.038645214625112
4.265795188015925,0.1063222124467083,0.10588465531032787,1.4176516440636409,1.0256844812966024
4.365158322401657,0.09883415079108798,0.09846450315171476,1.388376847009387,1.0105361187683792
4.4668359215096345,0.09167561170290588,0.09136474765133237,1.3566510794615552,0.9932508187492447
4.570881896148752,0.08484765878112428,0.08458744224519793,1.3225972213451271,0.9738948900520457
4.677351412871981,0.0783502052307676,0.07813341862426645,1.2863549377213488,0.952550064232041
4.7863009232263805,0.0721820219420951,0.0720022949051096,1.248079873375431,0.929313108355353
4.897788193684466,0.06634075443796635,0.06619249344373129,1.2079426287996782,0.9042952413932
5.011872336272725,0.06082294867958523,0.06070126820708374,1.1661275216366098,0.8776213539652964
5.1286138399136485,0.05562408560524591,0.05552474149405349,1.1228311417408128,0.84942903461436
5.248074602497723,0.05073862415824993,0.05065794967425914,1.0782607122379402,0.819867409421881
5.370317963702533,0.046160052440874864,0.04609489749102234,1.032632273209422,0.7890958055008995
5.4954087385762485,0.041880946513508335,0.0418286203566269,0.9861687088080827,0.7572822526435097
5.623413251903491,0.03789303624414685,0.037851253955689314,0.9390976426007115,0.7246018410695556
5.754399373371567,0.0341872775059014,0.03415411036844116,0.8916492296228791,0.6912349567233991
5.888436553555896,0.030753929921324658,0.030727759832116598,0.844053876900954,0.657365418798235
6.025595860743581,0.027582639264693717,0.02756211717759423,0.7965399269323549,0.6231780082983014
6.165950018614822,0.024662523559013952,0.024646531911825396,0.7493313407092455,0.5888591887226537
6.30957344480193,0.021982261845484245,0.021969880866115458,0.7026447949161475,0.5545897372369921
6.456542290346563,0.019530184561157002,0.019520662297365692,0.6566905949553754,0.5205481750184742
6.606934480075965,0.017294364436931883,0.017287090315022825,0.6116643524048763,0.48690617455099794
6.760829753919819,0.015262706823770641,0.015257188511365491,0.5677512796576722,0.45382729049114434
6.918309709189363,0.013423038370643629,0.01341888169715752,0.5251213205340007,0.4214652750925347
7.0794578438413875,0.011763193013206689,0.011760084688389466,0.4839282379541108,0.3899625471664984
7.244359600749906,0.010271094287105917,0.010268787152180853,0.44430832307391155,0.35944884214257533
7.413102413009177,0.00893483305309386,0.008933133599771936,0.4063793719993949,0.33004006735524305
7.585775750291836,0.007742739811340808,0.007741497710336497,0.37023994742661676,0.3018373825560579
7.762471166286912,0.006683450887452323,0.006682550279069266,0.3359689365445876,0.27492652092541664
7.943282347242821,0.005745967890389381,0.005745320204273115,0.3036254101366898,0.24937736065299324
8.128305161640995,0.004919709969969257,0.004919248058268262,0.2732487811999549,0.22524375160916
8.317637711026709,0.004194558535873271,0.004194231922904304,0.24485925476257453,0.20256359589785658
8.51138038202376,0.003560894237879063,0.0035606653091443427,0.218458554117692,0.18135917533351387
8.709635899560814,0.0030096261450361004,0.0030094671183812775,0.19403090260445283,0.16163771329605053
8.91250938133746,0.0025322131964077184,0.002532103737650213,0.17154423454707105,0.14339215316439524
9.120108393559097,0.0021206781245989926,0.002120603488625368,0.15095160418462758,0.12660213077864227
9.332543007969905,0.0017676141725965348,0.001767563768371306,0.13219275754138343,0.1112351142882972
9.549925860214369,0.001466185031782739,0.0014661513256852797,0.1151958293222299,0.09724768144227021
9.772372209558112,0.001210118522082286,0.0012100962083482377,0.09987912515830757,0.0845869019718208
10.,0.0009936946122411656,0.00099367999197012,0.08615294892142249,0.07319179128449939
10.232929922807536,0.0008117284379476261,0.0008117189591609881,0.07392143537841742,0.06299480126354831
10.471285480509007,0.0006595490171490051,0.0006595429378073731,0.06308435013039689,0.05392331455296444
10.71519305237607,0.0005329743853430684,0.0005329705291686925,0.05353882149753923,0.04590111026491982
10.964781961431852,0.0004282838792241538,0.0004282814607559747,0.0451809726500869,0.03884977149737206
11.220184543019629,0.0003421882857720765,0.0003421867864588765,0.03790742669871337,0.03269000828563172
11.481536214968841,0.00027179854708533766,0.00027179762855261913,0.03161666246448459,0.027342873493282654
11.748975549395302,0.0002145936707900431,0.00021459311485193036,0.026210204053343126,0.022730853513771302
12.02264434617413,0.0001683884438315139,0.00016838811150553454,0.02159363295570319,0.018778820327584326
12.30268770812381,0.0001313014862385839,0.00013130129009153481,0.017677416971539194,0.01541483625819328
12.589254117941687,0.00010172411353072078,0.00010172399925615252,0.014377555627268423,0.012570807511633513
12.88249551693135,0.00007829040433755169,0.00007829033864208362,0.011616046722691006,0.010182987098996043
13.182567385564074,0.00005984879597394828,0.000059848758717292945,0.009321183069414313,0.00819261537192778
13.489628825916533,0.00004543762359039893,0.000045437602754230383,0.007427969101387855,0.006544977207081019
13.803842646028839,0.00003425134395453,0.000034251332466829174,0.00587698067391868,0.005191280016927379
14.125375446227554,0.000025632316180480433,0.0000256323099387395,0.004615994809311263,0.004087419481885554
14.45439770745928,0.000019040206839854778,0.000019040203498771298,0.0035985622571080545,0.003194172764039732
14.791083881682072,0.000014036300922731248,0.00001403629916146083,0.002784001322343693,0.0024770016273701805
15.135612484362072,0.000010267216807617827,0.000010267215893575087,0.0021370212091345923,0.0019057914064282663
15.488166189124827,7.450611162211242e-6,7.450610695390943e-6,0.0016273001265556084,0.0014545420664320548
15.848931924611142,5.3627601097690955e-6,5.362759875231182e-6,0.0012290357229429642,0.001101026731835902
16.218100973589298,3.82788129953618e-6,3.827881183661109e-6,0.0009204836213766628,0.0008264317652239582
16.595869074375596,2.692844367786606e-6,2.6928443114505764e-6,0.0006794962071810808,0.0006113535826143347
16.98243652461746,1.8074295480833231e-6,1.8074295204154942e-6,0.0004755255754039972,0.00042889538613692185
17.378008287493763,1.2597572120635624e-6,1.2597571991126976e-6,0.00034730025870892563,0.00031393560938895916
17.78279410038923,8.704565453182501e-7,8.704565393689593e-7,0.00025146335332560467,0.00022779747950234396
18.197008586099827,4.6829497666163397e-7,4.682949735800163e-7,0.00014877261846778632,0.00013446895934232018
18.620871366628695,3.118383840292248e-7,3.118383826674711e-7,0.00010371030372426401,0.00009394507192632908
19.054607179632484,2.057283505194703e-7,2.0572834992996168e-7,0.00007160975647862559,0.00006500802613566912
19.498445997580454,1.34451032845786e-7,1.3445103259589522e-7,0.00004896955612253481,0.000044550552391324114
19.952623149688787,8.703431849216385e-8,8.70343183884894e-8,0.00003316172625099794,0.00003023329133301466
20.417379446695318,5.579866787654942e-8,5.579866783447251e-8,0.000022236123907128503,0.000020315040539402928
20.892961308540407,3.542529628601473e-8,3.542529626931725e-8,0.000014762035968965032,0.000013514617016973782
21.379620895022324,2.2269330918136633e-8,2.2269330911661116e-8,9.701803843919299e-6,8.900142687197918e-6
21.87761623949552,1.3859573074071434e-8,1.385957307161847e-8,6.311469111173491e-6,5.801623329899262e-6
22.387211385683422,8.538525542150921e-9,8.538525541243788e-9,4.0637855019341196e-6,3.7429275149066127e-6
22.90867652767775,5.206463882929159e-9,5.206463882601833e-9,2.5894103090805746e-6,2.389622984966314e-6
23.442288153199225,3.14166945304948e-9,3.1416694529342956e-9,1.6326150336286618e-6,1.5095438516231652e-6
23.9883291901949,1.8756826484080577e-9,1.8756826483685524e-9,1.0183963458592262e-6,9.43402358883394e-7
24.547089156850287,1.107783111144108e-9,1.1077831111309096e-9,6.283912432093447e-7,5.831930735438033e-7
25.11886431509582,6.470716804031785e-10,6.470716803988862e-10,3.8348215661757535e-7,3.565435516001151e-7
25.703957827688647,3.737210061299397e-10,3.7372100612858125e-10,2.3140533154151736e-7,2.1553025455245907e-7
26.302679918953814,2.1336528604609008e-10,2.1336528604567207e-10,1.380431034051422e-7,1.2879486277517524e-7
26.91534803926914,1.2037950713739137e-10,1.203795071372664e-10,8.13872895919512e-8,7.606242190548994e-8
27.54228703338169,6.709536623156371e-11,6.709536623152742e-11,4.7410302880248374e-8,4.438091293216535e-8
28.18382931264455,3.693084376247989e-11,3.6930843762469644e-11,2.7278631646356572e-8,2.5576184656478744e-8
28.84031503126606,2.0066663901077214e-11,2.0066663901074415e-11,1.5497114902705173e-8,1.4552350031156824e-8
29.51209226666384,1.075895468566782e-11,1.0758954685667079e-11,8.689353540932248e-9,8.171807495257744e-9
30.199517204020193,5.689595023781221e-12,5.689595023781031e-12,4.806708918759775e-9,4.5269548738638135e-9
30.90295432513592,2.966230239609456e-12,2.9662302396094072e-12,2.622004153344479e-9,2.4728563849234304e-9
31.622776601683793,1.5237922689431804e-12,1.5237922689431689e-12,1.4097188097512557e-9,1.3313279240853719e-9
32.35936569296281,7.709382731149768e-13,7.709382731149743e-13,7.466577048416995e-10,7.060597866129882e-10
33.11311214825915,3.839311551427214e-13,3.8393115514272083e-13,3.8937329320179813e-10,3.6866715535934253e-10
33.884415613920275,1.880990297530145e-13,1.8809902975301438e-13,1.9981244124970684e-10,1.8941784525159574e-10
34.673685045253166,9.060922527043289e-14,9.060922527043285e-14,1.0084138724701449e-10,9.570834079298768e-11
35.481338923357534,4.289027772952967e-14,4.2890277729529656e-14,5.002147383014329e-11,4.752952454536948e-11
36.30780547701018,1.9938360800417525e-14,1.9938360800417525e-14,2.437314509013643e-11,2.3184560681710135e-11
37.15352290971728,9.097126840098198e-15,9.097126840098198e-15,1.1658315947898986e-11,1.1101678276203848e-11
38.018939632056124,4.0713693378125785e-15,4.0713693378125785e-15,5.470885997838007e-12,5.215093595871522e-12
38.904514499428046,1.7862128395014105e-15,1.7862128395014105e-15,2.517115126331626e-12,2.4018513412720735e-12
39.81071705534978,7.677424575853133e-16,7.677424575853133e-16,1.134739652534389e-12,1.0838412765620965e-12
40.7380277804113,3.230868237246809e-16,3.230868237246809e-16,5.009103164165199e-13,4.788995559062201e-13
41.68693834703355,1.3303767479311572e-16,1.3303767479311572e-16,2.1637954227371608e-13,2.0706418128118746e-13
42.65795188015925,5.356867382085797e-17,5.356867382085797e-17,9.14083775878279e-14,8.755261019659022e-14
50.0,0.0,0.0,0.0,0.0